{"AAPL":[{"date":"20150226","open":2.0,"close":3.0,"low":1.0,"high":4.0,"volume":1000,"simpleMaMap":{},"rsi5ns":null,"rsi5ps":null,"percentK":null,"lowerBB20_2":null,"upperBB20_2":null},{"date":"20150226","open":6.0,"close":7.0,"low":5.0,"high":8.0,"volume":2000,"simpleMaMap":{},"rsi5ns":null,"rsi5ps":null,"percentK":null,"lowerBB20_2":null,"upperBB20_2":null}],"T":[{"date":"20150226","open":2.0,"close":3.0,"low":1.0,"high":4.0,"volume":1000,"simpleMaMap":{},"rsi5ns":null,"rsi5ps":null,"percentK":null,"lowerBB20_2":null,"upperBB20_2":null},{"date":"20150226","open":2.0,"close":3.0,"low":1.0,"high":4.0,"volume":1000,"simpleMaMap":{},"rsi5ns":null,"rsi5ps":null,"percentK":null,"lowerBB20_2":null,"upperBB20_2":null}]}