{"AAPL":{"name":"Apple","exchange":null,"sector":null,"industry":null,"stockType":null,"optionable":false,"shareOutstanding":null,"shareFloat":null,"bookPerShare":null,"cashPerShare":null,"dividend":0.0,"peg":null,"eps":null,"epsNextYear":null,"epsThisYearChange":null,"epsNextYearChange":null,"epsNext5YearChange":null,"epsPast5YearChange":null,"salesPast5YearChange":null,"salesQQ":null,"epsQQ":null,"insiderOwn":null,"institutionOwn":null,"roa":null,"roe":null,"roi":null,"grossMargin":null,"operationMargin":null,"profitMargin":null,"shortFloatPercent":null,"shortRatio":null,"beta":null,"avgVol":null,"earningDate":null,"recommendationRate":null,"debtOverEquity":null,"divGrowthRate5Yr":null,"peHight5yrs":null,"peLow5yrs":null,"ebitda":null,"totalDebt":null,"operationCashFlow":null,"leveredFreeCashFlow":null,"high52weeks":null,"low52weeks":null,"indices":[],"opinions":[],"epsHistory":[]},"T":{"name":"ATT","exchange":null,"sector":null,"industry":null,"stockType":null,"optionable":false,"shareOutstanding":null,"shareFloat":null,"bookPerShare":null,"cashPerShare":null,"dividend":0.0,"peg":null,"eps":null,"epsNextYear":null,"epsThisYearChange":null,"epsNextYearChange":null,"epsNext5YearChange":null,"epsPast5YearChange":null,"salesPast5YearChange":null,"salesQQ":null,"epsQQ":null,"insiderOwn":null,"institutionOwn":null,"roa":null,"roe":null,"roi":null,"grossMargin":null,"operationMargin":null,"profitMargin":null,"shortFloatPercent":null,"shortRatio":null,"beta":null,"avgVol":null,"earningDate":null,"recommendationRate":null,"debtOverEquity":null,"divGrowthRate5Yr":null,"peHight5yrs":null,"peLow5yrs":null,"ebitda":null,"totalDebt":null,"operationCashFlow":null,"leveredFreeCashFlow":null,"high52weeks":null,"low52weeks":null,"indices":[],"opinions":[],"epsHistory":[]}}